N_id,NumberPlate,ParkingNumber


1,KR1234567,P1
2,WE123456,P2
3,HRZGDK8337,P3
4,HRZGDK8337,P4
5,HR2SDK 8337,P5
6,HR2SDK8337,P6
7,1H72 DE1433_,P7
8,ITz0BOMM,P8
9,NPA 3302,P9
10,HR260K8337,P10
11,HRZ6dk8337,P11
12,BA6SPA3303,P12
13,BA6SPA33n2,P13