N_id,OutgoingTime


3,21:20:07
2,23:50:24
1,23:53:55
4,14:52:12
5,14:52:12
6,14:23:38
8,20:18:05
12,20:57:48
13,20:57:48
3,22:10:57
4,22:10:57
5,22:10:57
6,22:10:57
10,22:10:57
11,22:10:57
14,22:10:57